<?xml version="1.0" encoding="utf-8"?>
<GallerySettings xmlns:xsd="http://www.w3.org/2001/XMLSchema" xmlns:xsi="http://www.w3.org/2001/XMLSchema-instance">
  <GalleryID>6</GalleryID>
  <CSSThemeDisplayStyle>dark</CSSThemeDisplayStyle>
  <AudioPlayPlace>audioembed</AudioPlayPlace>
  <VideoPlayPlace>videoembed</VideoPlayPlace>
  <NothngOnClick>True</NothngOnClick>
  <ThumbnailPriority>2</ThumbnailPriority>
  <ExpandCategory>True</ExpandCategory>
  <ExpandThumbnails>False</ExpandThumbnails>
  <ExpandGalleryCaption>False</ExpandGalleryCaption>
  <ExpandCaption>False</ExpandCaption>
  <CategoryPriority>1</CategoryPriority>
  <MediaCaptionPriority>4</MediaCaptionPriority>
  <GalleryCaptionPriority>3</GalleryCaptionPriority>
  <ShowGalleryTitle>False</ShowGalleryTitle>
  <ShowGalleryDescription>False</ShowGalleryDescription>
  <ShowNavigation>True</ShowNavigation>
  <ShowPlayPause>False</ShowPlayPause>
  <ThumbDirection>vertical</ThumbDirection>
  <CategoryDirection>horizontal</CategoryDirection>
  <ThumbPanelInOut>Outside</ThumbPanelInOut>
  <ThumbPanelLRTB>Right</ThumbPanelLRTB>
  <CategoryHeight>64</CategoryHeight>
  <CategoryWidth>620</CategoryWidth>
  <CategoryY>436</CategoryY>
  <CategoryX>0</CategoryX>
  <CategoryInOut>Outside</CategoryInOut>
  <CategoryLRTB>Bottom</CategoryLRTB>
  <GalleryCaptionHeight>35</GalleryCaptionHeight>
  <GalleryCaptionWidth>500</GalleryCaptionWidth>
  <GalleryCaptionY>0</GalleryCaptionY>
  <GalleryCaptionX>0</GalleryCaptionX>
  <GalleryCaptionInOut>Inside</GalleryCaptionInOut>
  <GalleryCaptionLRTB>Top</GalleryCaptionLRTB>
  <CaptionHeight>35</CaptionHeight>
  <CaptionWidth>500</CaptionWidth>
  <CaptionY>64</CaptionY>
  <CaptionX>0</CaptionX>
  <CaptionInOut>Inside</CaptionInOut>
  <CaptionLRTB>Bottom</CaptionLRTB>
  <ImapgePanelTopY>0</ImapgePanelTopY>
  <ImapgePanelTopX>0</ImapgePanelTopX>
  <ImapgePanelWidth>500</ImapgePanelWidth>
  <ImapgePanelHeight>436</ImapgePanelHeight>
  <ThumbPanelWidth>120</ThumbPanelWidth>
  <ThumbPanelHeight>436</ThumbPanelHeight>
  <ThumbPanelY>0</ThumbPanelY>
  <ThumbPanelX>500</ThumbPanelX>
  <ShowTwitter>False</ShowTwitter>
  <ShowGooglePlus>False</ShowGooglePlus>
  <ShowFacebook>False</ShowFacebook>
  <OpenSocialSharingonButton>False</OpenSocialSharingonButton>
  <DisplayControl>ChameleonGallery.ascx</DisplayControl>
  <NestedSortingAscType>ASC</NestedSortingAscType>
  <NestedSorting>Position</NestedSorting>
  <ShowMediaLink>False</ShowMediaLink>
  <SocialSharingButtons>False</SocialSharingButtons>
  <VideoGalleryPagging>True</VideoGalleryPagging>
  <LightboxSocialSharing>True</LightboxSocialSharing>
  <LightboxShowPrint>True</LightboxShowPrint>
  <LbNestedbackButtonPos>Bottom</LbNestedbackButtonPos>
  <LightboxShowEmail>True</LightboxShowEmail>
  <CategoryID>1</CategoryID>
  <DisplayType>Chameleon</DisplayType>
  <LightboxType>pp_default</LightboxType>
  <LightboxTitle>False</LightboxTitle>
  <LightboxOpacity>80</LightboxOpacity>
  <LightboxPadding>80</LightboxPadding>
  <LightBoxSSAP>False</LightBoxSSAP>
  <LightboxShowFullscreen>False</LightboxShowFullscreen>
  <LightboxAnimationSpeed>fade</LightboxAnimationSpeed>
  <EbnableUserUpload>False</EbnableUserUpload>
  <RolesToUpload />
  <ShowEnterUrl>False</ShowEnterUrl>
  <LightboxFullscreenTheme>EDG_0_Shadow.css</LightboxFullscreenTheme>
  <ApproveMedia>False</ApproveMedia>
  <ShowOnlyUpload>False</ShowOnlyUpload>
  <DownloadRoles>Administrators;All Users;</DownloadRoles>
  <UseViewAsDownload>True</UseViewAsDownload>
  <ShowDownloadLink>True</ShowDownloadLink>
  <PortfolioMenuType>classic</PortfolioMenuType>
  <PortfolioShowArrows>False</PortfolioShowArrows>
  <PortfolioAutoHideArrows>False</PortfolioAutoHideArrows>
  <PortfolioDisplayTitle />
  <OverlayGallery>False</OverlayGallery>
  <ProtfolioDDMFile>Black_Style.png</ProtfolioDDMFile>
  <PortfolioArrowFile>Black_Circle.png</PortfolioArrowFile>
  <LightboxFullscreenShowNavigation>True</LightboxFullscreenShowNavigation>
  <IntegrateBlog>NE</IntegrateBlog>
  <UploadResize>False</UploadResize>
  <UploadResizeWidth>800</UploadResizeWidth>
  <UploadResizeHeight>600</UploadResizeHeight>
  <LightBoxSlideShow>False</LightBoxSlideShow>
  <LightBoxSlideShowInterval>5000</LightBoxSlideShowInterval>
  <QueryString />
  <StoredSizeX>150</StoredSizeX>
  <StoredSizeY>150</StoredSizeY>
  <ShowTitle>True</ShowTitle>
  <ShowDescription>False</ShowDescription>
  <ShowMediaTitle>False</ShowMediaTitle>
  <ShowMediaDescription>False</ShowMediaDescription>
  <IncludejQuery>True</IncludejQuery>
  <OverrideJquery>default</OverrideJquery>
  <ShowMediaTitleThumbnail>False</ShowMediaTitleThumbnail>
  <OpenMediaUrl>False</OpenMediaUrl>
  <NewWindow>False</NewWindow>
  <ASSInterval>1000</ASSInterval>
  <RandomizeMedia>False</RandomizeMedia>
  <SmartCrop>False</SmartCrop>
  <ShowPanel>True</ShowPanel>
  <FilmStrip>True</FilmStrip>
  <FilmStripSize>5</FilmStripSize>
  <SSImageWidth>620</SSImageWidth>
  <SSImageHeight>500</SSImageHeight>
  <SSThumbImageWidth>80</SSThumbImageWidth>
  <SSThumbImageHeight>80</SSThumbImageHeight>
  <SliderEffect>slide</SliderEffect>
  <SSAutoSlide>True</SSAutoSlide>
  <SSAutoSlidePause>5000</SSAutoSlidePause>
  <SSAutoSlideRandom>False</SSAutoSlideRandom>
  <SSAutoStartRandom>False</SSAutoStartRandom>
  <SSCSSFile>EDGMain.css</SSCSSFile>
  <OverlaySize>50</OverlaySize>
  <OverlayOpacity>50</OverlayOpacity>
  <OverlayTextColor>111111</OverlayTextColor>
  <OverlayColor>False</OverlayColor>
  <SSTNProportionally>False</SSTNProportionally>
  <TransitionInterval>5000</TransitionInterval>
  <TGColumns>4</TGColumns>
  <TGImageWidth>100</TGImageWidth>
  <TGImageHeight>60</TGImageHeight>
  <TGItemsPerPage>2</TGItemsPerPage>
  <TGCSSFile>phobos</TGCSSFile>
  <PreloaderType>Fullscreen</PreloaderType>
  <DisplayNestedGalleries>True</DisplayNestedGalleries>
  <NGShowName>False</NGShowName>
  <NGThumbWidth>100</NGThumbWidth>
  <NGGalResizeProportionally>False</NGGalResizeProportionally>
  <NGColumns>2</NGColumns>
  <NGThumbHeight>64</NGThumbHeight>
  <NGShowdescription>False</NGShowdescription>
  <NestedCategory>1</NestedCategory>
  <NGGalleriesToShow>;5;6;10;18;19;20;21;22;23;</NGGalleriesToShow>
  <NGShowAllGalleries>False</NGShowAllGalleries>
  <NGCategoryItems>4</NGCategoryItems>
  <TGSmartResize>True</TGSmartResize>
  <LightboxDescription>False</LightboxDescription>
  <VGColumns>10</VGColumns>
  <VGNumOfColumns>1</VGNumOfColumns>
  <VGCSSFile>EDGMain.css</VGCSSFile>
  <VGSkin>black</VGSkin>
  <InfoButton>False</InfoButton>
  <StartPhoto>False</StartPhoto>
  <PlayOnLoad>False</PlayOnLoad>
  <InitialVolume>250</InitialVolume>
  <AllowFullscren>False</AllowFullscren>
  <FlashGalTheme>False</FlashGalTheme>
  <AudioPlayOnLoad>False</AudioPlayOnLoad>
  <TooltipPosition>bottomMiddle</TooltipPosition>
  <TargetPosition>topMiddle</TargetPosition>
  <ShowEffect>fade</ShowEffect>
  <ShowEffectDuration>15</ShowEffectDuration>
  <HideEffect>fade</HideEffect>
  <HideEffectDuration>15</HideEffectDuration>
  <TooltipBorder>340</TooltipBorder>
  <TooltipRadius>100</TooltipRadius>
  <TooltipTheme>cream</TooltipTheme>
  <Version>30800</Version>
  <MediaSorting>Position</MediaSorting>
  <MediaSortingAscType>ASC</MediaSortingAscType>
  <UseFlowPlayer>False</UseFlowPlayer>
  <ShowToolTips>True</ShowToolTips>
</GallerySettings>